<?xml version="1.0" encoding="UTF-8"?>
<Configuration status="warn">
	<Properties>
		<Property name="basePath">logfile</Property>
	</Properties>
	<Appenders>
		<RollingFile name="fileLogger"
			filePattern="${basePath}/logs/async_springrest-%d{yyyy-MM-dd}.log">
			<PatternLayout>
				<pattern>[%-5level] %d{yyyy-MM-dd HH:mm:ss.SSS} [%t] %c{1} - %msg%n</pattern>
			</PatternLayout>
			<Policies>
				<TimeBasedTriggeringPolicy interval="1"
					modulate="true" />
			</Policies>
		</RollingFile>
		<Console name="console" target="SYSTEM_OUT" follow="true">
			<PatternLayout pattern="[%-5level] %d{yyyy-MM-dd HH:mm:ss.SSS} [%t] %c{1} - %msg%n" />
		</Console>
	</Appenders>
	<Loggers>
		<Logger name="com.example.log4j2demo" level="debug"
			additivity="true">
			<appender-ref ref="fileLogger" level="debug" />
		</Logger>

		<Root level="info" additivity="false">
			<appender-ref ref="console" />
			<appender-ref ref="fileLogger" />
		</Root>
	</Loggers>
</Configuration>